flux,starID
sdssu|-13.853215|-13.885251|sdssg|-13.404911|-13.415453|panstarrsps1g|-13.422523|-13.406125|gaiabp|-13.428993|-13.43057|panstarrsps1r|-13.464966|-13.42586|gaiag|-13.503933|-13.4933|sdssi|-13.534235|-13.539565|panstarrsps1i|-13.568154|-13.541906|gaiarp|-13.573787|-13.572097|panstarrsps1z|-13.661732|-13.65265|sdssz|-13.657888|-13.679221|panstarrsps1y|-13.739574|-13.738398|twomassj|-13.94187|-13.958509|twomassh|-14.281669|-14.254604|twomassk|-14.643916|-14.653521|wisew1|-15.349366|-15.36409|wisew2|-15.909992|-15.907143,2051837651199491968
