flux,starID
gaiabp|-13.407648|-13.404299|gaiag|-13.435785|-13.437234|gaiarp|-13.480585|-13.485619|twomassj|-13.801|-13.80816|twomassh|-14.074084|-14.048575|twomassk|-14.439499|-14.44363|wisew1|-15.13735|-15.150279|wisew2|-15.695822|-15.694005,2053106620753316352
