flux,starID
tycho2bt|-11.697511|-11.693101|gaiabp|-11.661385|-11.657479|tycho2vt|-11.617193|-11.627735|apassv|-11.631011|-11.637654|apassr|-11.696067|-11.678344|gaiag|-11.742832|-11.73993|apassi|-11.78456|-11.804435|gaiarp|-11.837213|-11.838447|twomassj|-12.222487|-12.247106|twomassh|-12.595747|-12.555385|twomassk|-12.960359|-12.960944|wisew1|-13.666104|-13.67346|wisew2|-14.199156|-14.210731,2076525844775760384
