logg,loggerr,teff,tefferr,Av,Averr,ScaleF,ScaleFerr,fbol,fbolerr,logg_mod,teff_mod,Av_mod,Averr_mod,ScaleF_mod,ScaleFerr_mod,Redchi_mod,fbol_mod,fbolerr_mod,starID
3.75050e+00,1.11341e-02,5.84938e+03,7.39691e+01,4.25737e-02,5.69156e-02,-1.85736e+01,3.91035e-03,-7.75170e+00,1.79397e-02,3.75000e+00,5850,4.27776e-02,2.43705e-02,-1.85736e+01,8.18912e-03,1.63822e+00,-7.75159e+00,8.18912e-03,2076525844775760384
