flux,starID
apassb|-13.505592|-13.486743|apassg|-13.458275|-13.453325|gaiabp|-13.490032|-13.485544|apassv|-13.47109|-13.465719|apassr|-13.511662|-13.506409|gaiag|-13.567356|-13.567995|apassi|-13.610953|-13.6325|panstarrsps1i|-13.671969|-13.635022|gaiarp|-13.660212|-13.666512|panstarrsps1z|-13.766232|-13.752693|panstarrsps1y|-13.829834|-13.84066|twomassj|-14.050042|-14.075171|twomassh|-14.411481|-14.38345|twomassk|-14.784693|-14.789009|wisew1|-15.493705|-15.501525|wisew2|-16.049796|-16.038796,2086625752425381632
