flux,starID
apassg|-13.386911|-13.351829|gaiabp|-13.384891|-13.384047|apassv|-13.363485|-13.364222|apassr|-13.416686|-13.404912|gaiag|-13.46497|-13.466498|apassi|-13.523008|-13.531003|gaiarp|-13.561105|-13.565016|twomassj|-13.964261|-13.973675|twomassh|-14.304508|-14.281953|twomassk|-14.675825|-14.687512|wisew1|-15.392726|-15.400028|wisew2|-15.949448|-15.937299,2106705269988803072
