logg,loggerr,teff,tefferr,Av,Averr,ScaleF,ScaleFerr,fbol,fbolerr,logg_mod,teff_mod,Av_mod,Averr_mod,ScaleF_mod,ScaleFerr_mod,Redchi_mod,fbol_mod,fbolerr_mod,starID
3.75000e+00,7.59694e-04,5.90462e+03,7.43374e+01,8.84362e-02,5.39761e-02,-1.97314e+01,4.37327e-03,-8.89321e+00,1.76130e-02,3.75000e+00,5905,8.84034e-02,2.70372e-02,-1.97314e+01,7.77410e-03,1.73105e+00,-8.89316e+00,7.77410e-03,2125795166969907968
