logg,loggerr,teff,tefferr,Av,Averr,ScaleF,ScaleFerr,fbol,fbolerr,logg_mod,teff_mod,Av_mod,Averr_mod,ScaleF_mod,ScaleFerr_mod,Redchi_mod,fbol_mod,fbolerr_mod,starID
3.75000e+00,7.59694e-04,5.90500e+03,7.47477e+01,8.87221e-02,5.41986e-02,-1.97314e+01,4.39678e-03,-8.89313e+00,1.77249e-02,3.75000e+00,5905,8.84034e-02,2.70372e-02,-1.97314e+01,7.77410e-03,1.73105e+00,-8.89316e+00,7.77410e-03,2125795166969907968
