flux,starID
tycho2bt|-12.762319|-12.725037|apassb|-12.680304|-12.705534|gaiabp|-12.738716|-12.737339|tycho2vt|-12.734853|-12.714872|apassv|-12.714877|-12.728377|apassr|-12.778109|-12.783685|gaiag|-12.838057|-12.837495|apassi|-12.915606|-12.919612|gaiarp|-12.951197|-12.954789|twomassj|-13.355948|-13.382432|twomassh|-13.734207|-13.701892|twomassk|-14.109773|-14.112443|wisew1|-14.816505|-14.825782|wisew2|-15.358915|-15.357444,2125795166969907968
