flux,starID
tycho2bt|-13.209334|-13.190909|gaiabp|-13.216453|-13.213837|gaiag|-13.31511|-13.315016|gaiarp|-13.4288|-13.432099|twomassj|-13.825492|-13.855877|twomassh|-14.200869|-14.167902|twomassk|-14.577393|-14.581464,2135179533070399232
