logg,loggerr,teff,tefferr,Av,Averr,ScaleF,ScaleFerr,fbol,fbolerr,logg_mod,teff_mod,Av_mod,Averr_mod,ScaleF_mod,ScaleFerr_mod,Redchi_mod,fbol_mod,fbolerr_mod,starID
4.25000e+00,8.98103e-16,6.03352e+03,1.00036e+02,-1.53553e-04,6.66477e-02,-2.02040e+01,5.34551e-03,-9.32804e+00,2.32940e-02,4.25000e+00,6030,-3.15470e-03,4.37591e-02,-2.02038e+01,1.32403e-02,2.57125e+00,-9.32894e+00,1.32403e-02,2135179533070399232
