logg,loggerr,teff,tefferr,Av,Averr,ScaleF,ScaleFerr,fbol,fbolerr,logg_mod,teff_mod,Av_mod,Averr_mod,ScaleF_mod,ScaleFerr_mod,Redchi_mod,fbol_mod,fbolerr_mod,starID
2.74367e+00,3.92748e-02,4.63085e+03,7.42327e+01,2.19568e-02,1.04350e-01,-1.74517e+01,3.45632e-03,-7.03596e+00,2.45213e-02,2.75000e+00,4630,2.09090e-02,2.14439e-02,-1.74517e+01,8.25196e-03,7.58348e-01,-7.03612e+00,8.25196e-03,2329865040473724160
