flux,starID
skymapperv|-11.567166|-11.568097|tycho2bt|-11.234702|-11.222833|gaiabp|-11.018896|-11.02498|tycho2vt|-10.983975|-10.98415|hipparcos2hp|-11.016483|-11.016267|gaiag|-11.032215|-11.035667|gaiarp|-11.062666|-11.064655|twomassk|-11.962283|-11.956056,2329865040473724160
