flux,starID
tycho2bt|-10.947098|-10.939232|apassb|-10.863556|-10.861812|gaiabp|-10.743917|-10.749306|tycho2vt|-10.705502|-10.710668|hipparcos2hp|-10.741945|-10.740948|gaiag|-10.760877|-10.760394|apassi|-10.746909|-10.763878|gaiarp|-10.794461|-10.78949,4675576135153914368
