logg,loggerr,teff,tefferr,Av,Averr,ScaleF,ScaleFerr,fbol,fbolerr,logg_mod,teff_mod,Av_mod,Averr_mod,ScaleF_mod,ScaleFerr_mod,Redchi_mod,fbol_mod,fbolerr_mod,starID
3.25000e+00,3.41976e-08,4.80215e+03,7.59870e+01,2.27062e-01,8.78427e-02,-1.71735e+01,5.23975e-03,-6.69413e+00,2.18946e-02,3.25000e+00,4800,2.22875e-01,3.99682e-02,-1.71734e+01,1.60205e-02,1.03001e+00,-6.69496e+00,1.60205e-02,4675576135153914368
