flux,starID
tycho2bt|-11.043419|-11.031585|gaiabp|-10.937327|-10.941693|tycho2vt|-10.902977|-10.907298|hipparcos2hp|-10.942408|-10.941295|gaiag|-10.990915|-10.993898|gaiarp|-11.055941|-11.060257|twomassj|-11.448157|-11.412837|twomassk|-12.072832|-12.077161,4759263813434301824
