flux,starID
tycho2bt|-11.002131|-10.990084|apassb|-10.903707|-10.923658|gaiabp|-10.822208|-10.827994|tycho2vt|-10.788523|-10.792455|hipparcos2hp|-10.821119|-10.820628|gaiag|-10.841037|-10.84146|apassi|-10.836158|-10.845409|gaiarp|-10.875509|-10.871578|twomassj|-11.157218|-11.158153|twomassh|-11.397139|-11.36415|twomassk|-11.788027|-11.75837|wisew1|-12.500042|-12.463105,4921421918602162688
