logg,loggerr,teff,tefferr,Av,Averr,ScaleF,ScaleFerr,fbol,fbolerr,logg_mod,teff_mod,Av_mod,Averr_mod,ScaleF_mod,ScaleFerr_mod,Redchi_mod,fbol_mod,fbolerr_mod,starID
2.75000e+00,2.04574e-09,4.61667e+03,7.84045e+01,9.00451e-02,1.06077e-01,-1.74809e+01,4.89491e-03,-7.07029e+00,2.45456e-02,2.75000e+00,4615,8.71812e-02,4.08833e-02,-1.74808e+01,1.60922e-02,1.81235e+00,-7.07087e+00,1.60922e-02,4972969119657226368
