flux,starID
tycho2bt|-11.268019|-11.244125|apassb|-11.149253|-11.166705|gaiabp|-11.042861|-11.054199|tycho2vt|-11.012062|-11.015561|apassv|-11.049562|-11.011002|hipparcos2hp|-11.044585|-11.045841|gaiag|-11.056001|-11.065287|apassi|-11.111499|-11.068771|gaiarp|-11.089234|-11.094383|twomassk|-12.010424|-11.984767|wisew1|-12.694882|-12.688503,4972969119657226368
