flux,starID
tycho2bt|-10.792006|-10.79816|gaiabp|-10.760126|-10.758121|tycho2vt|-10.730671|-10.728356|hipparcos2hp|-10.767479|-10.763202|gaiag|-10.84|-10.839446|gaiarp|-10.93161|-10.936859|twomassj|-11.334618|-11.345897|twomassh|-11.641755|-11.653599|twomassk|-12.060301|-12.059255,5062172841616745856
