flux,starID
tycho2bt|-11.730643|-11.710691|gaiabp|-11.510719|-11.517366|tycho2vt|-11.47009|-11.477375|hipparcos2hp|-11.510613|-11.5085|gaiag|-11.521544|-11.526627|gaiarp|-11.552925|-11.554307|twomassj|-11.846928|-11.84143|twomassk|-12.451863|-12.445124|wisew1|-13.152395|-13.148609,5224124307320401024
