logg,loggerr,teff,tefferr,Av,Averr,ScaleF,ScaleFerr,fbol,fbolerr,logg_mod,teff_mod,Av_mod,Averr_mod,ScaleF_mod,ScaleFerr_mod,Redchi_mod,fbol_mod,fbolerr_mod,starID
2.75000e+00,5.00586e-04,4.65673e+03,5.24279e+01,1.48845e-01,6.79784e-02,-1.79374e+01,4.40676e-03,-7.51183e+00,1.53263e-02,2.75000e+00,4660,1.52851e-01,2.93536e-02,-1.79377e+01,1.08308e-02,1.42060e+00,-7.51090e+00,1.08308e-02,5224124307320401024
