flux,starID
tycho2bt|-11.103463|-11.100885|gaiabp|-10.909728|-10.910959|tycho2vt|-10.868148|-10.872321|hipparcos2hp|-10.904022|-10.902601|gaiag|-10.923201|-10.922046|gaiarp|-10.951647|-10.951143,6357337753190592000
