flux,starID
tycho2bt|-11.678978|-11.647376|gaiabp|-11.457497|-11.461938|tycho2vt|-11.414504|-11.425878|hipparcos2hp|-11.449623|-11.453791|gaiag|-11.466883|-11.472287|gaiarp|-11.494088|-11.500627|twomassj|-11.794509|-11.788327|twomassk|-12.411683|-12.390452|wisew1|-13.109798|-13.095229,6386468454774591744
